<?xml version="1.0" encoding="UTF-8"?>
<project-private xmlns="http://www.netbeans.org/ns/project-private/1">
    <editor-bookmarks xmlns="http://www.netbeans.org/ns/editor-bookmarks/2" lastBookmarkId="0"/>
    <open-files xmlns="http://www.netbeans.org/ns/projectui-open-files/2">
        <group>
            <file>file:/home/mint/Documents/Library/AS/ASv1/src/broadcast/socketServer.java</file>
            <file>file:/home/mint/Documents/Library/AS/ASv1/src/cc/clientSocket.java</file>
            <file>file:/home/mint/Documents/Library/AS/ASv1/src/assets/Worker.java</file>
            <file>file:/home/mint/Documents/Library/AS/ASv1/src/broadcast/PathMonitor.java</file>
        </group>
    </open-files>
</project-private>
